{
    "type": "minecraft:block",
    "pools": [
        {
            "rolls": 1,
            "entries": [
                {
                    "type": "minecraft:alternatives",
                    "children": [
                        {
                            "type": "minecraft:item",
                            "conditions": [
                                {
                                    "condition": "minecraft:random_chance",
                                    "chance": 0.015625
                                }
                            ],
                            "functions": [
                                {
                                    "function": "minecraft:explosion_decay"
                                }
                            ],
                            "name": "occultism:datura_seeds"
                        }
                    ]
                }
            ]
        }
    ]
}