{
  "pools": [
    {
      "rolls": 1,
      "entries": [
		{
          "type": "item",
          "name": "thermal:gold_coin",
          "weight": 1
        },
		{
          "type": "tag",
          "name": "forge:treasure3",
		  "expand": true,
          "weight": 1
        },
		{
          "type": "tag",
          "name": "minecraft:arrows",
		  "expand": true,
          "weight": 1
        },
		{
          "type": "item",
          "name": "thermal:silver_coin",
          "weight": 30,
          "functions": [
            {
              "function": "set_count",
              "count": {
                "min": 1,
                "max": 8
              }
            }
          ]
        },
        {
          "type": "item",
          "name": "minecraft:arrow",
          "weight": 20,
          "functions": [
            {
              "function": "set_count",
              "count": {
                "min": 1,
                "max": 3
              }
            }
          ]
        },
        {
          "type": "item",
          "name": "minecraft:torch",
          "weight": 20,
          "functions": [
            {
              "function": "set_count",
              "count": {
                "min": 1,
                "max": 3
              }
            }
          ]
        }
      ]
    }
  ]
}