{
  "type": "minecraft:chest",
  "pools": [
    {
      "rolls": {
        "min": 2.0,
        "max": 6.0,
        "type": "minecraft:uniform"
      },
      "entries": [
        {
          "type": "minecraft:item",
          "weight": 5,
          "functions": [
            {
              "function": "minecraft:set_count",
              "count": {
                "min": 2.0,
                "max": 7.0,
                "type": "minecraft:uniform"
              }
            }
          ],
          "name": "thermal:invar_ingot"
        },
        {
          "type": "minecraft:item",
          "weight": 5,
          "functions": [
            {
              "function": "minecraft:set_count",
              "count": {
                "min": 2.0,
                "max": 7.0,
                "type": "minecraft:uniform"
              }
            }
          ],
          "name": "randomium:randomium_ore"
        },
        {
          "type": "minecraft:item",
          "weight": 10,
          "functions": [
            {
              "function": "minecraft:set_count",
              "count": {
                "min": 4.0,
                "max": 8.0,
                "type": "minecraft:uniform"
              }
            }
          ],
          "name": "xkdeco:steel_ingot"
        },
        {
          "type": "minecraft:item",
          "weight": 15,
          "functions": [
            {
              "function": "minecraft:set_count",
              "count": {
                "min": 2.0,
                "max": 7.0,
                "type": "minecraft:uniform"
              }
            }
          ],
          "name": "moreminecarts:silica_steel"
        },
        {
          "type": "minecraft:item",
          "weight": 2,
          "functions": [
            {
              "function": "minecraft:set_count",
              "count": {
                "min": 2.0,
                "max": 6.0,
                "type": "minecraft:uniform"
              }
            }
          ],
          "name": "thermal:lead_block"
        },
        {
          "type": "minecraft:item",
          "weight": 5,
          "functions": [
            {
              "function": "minecraft:set_count",
              "count": {
                "min": 1.0,
                "max": 10.0,
                "type": "minecraft:uniform"
              }
            }
          ],
          "name": "minecraft:glowstone_dust"
        },
        {
          "type": "minecraft:item",
          "weight": 3,
          "name": "thermal:refined_fuel_bucket"
        },
        {
          "type": "minecraft:item",
          "name": "minecraft:ender_pearl"
        },
        {
          "type": "minecraft:item",
          "name": "thermal:upgrade_augment_3"
        },
        {
          "type": "minecraft:item",
          "name": "advancedrocketry:bucketoxygen"
        },
        {
          "type": "minecraft:item",
          "weight": 3,
          "functions": [
            {
              "function": "minecraft:enchant_with_levels",
              "levels": {
                "min": 20.0,
                "max": 39.0,
                "type": "minecraft:uniform"
              },
              "treasure": true
            }
          ],
          "name": "create:potato_cannon"
        },
        {
          "type": "minecraft:item",
          "weight": 3,
          "functions": [
            {
              "function": "minecraft:enchant_with_levels",
              "levels": {
                "min": 20.0,
                "max": 39.0,
                "type": "minecraft:uniform"
              },
              "treasure": true
            }
          ],
          "name": "minecraft:diamond_boots"
        },
        {
          "type": "minecraft:item",
          "weight": 3,
          "functions": [
            {
              "function": "minecraft:enchant_with_levels",
              "levels": {
                "min": 20.0,
                "max": 39.0,
                "type": "minecraft:uniform"
              },
              "treasure": true
            }
          ],
          "name": "create:copper_backtank"
        },
        {
          "type": "minecraft:item",
          "weight": 3,
          "functions": [
            {
              "function": "minecraft:enchant_with_levels",
              "levels": {
                "min": 20.0,
                "max": 39.0,
                "type": "minecraft:uniform"
              },
              "treasure": true
            }
          ],
          "name": "thermal:flux_drill"
        },
        {
          "type": "minecraft:item",
          "weight": 3,
          "functions": [
            {
              "function": "minecraft:enchant_with_levels",
              "levels": {
                "min": 20.0,
                "max": 39.0,
                "type": "minecraft:uniform"
              },
              "treasure": true
            }
          ],
          "name": "thermal:rf_potato"
        },
        {
          "type": "minecraft:item",
          "weight": 3,
          "functions": [
            {
              "function": "minecraft:enchant_with_levels",
              "levels": {
                "min": 20.0,
                "max": 39.0,
                "type": "minecraft:uniform"
              },
              "treasure": true
            }
          ],
          "name": "thermal:flux_saw"
        },
        {
          "type": "minecraft:item",
          "weight": 3,
          "functions": [
            {
              "function": "minecraft:enchant_with_levels",
              "levels": {
                "min": 20.0,
                "max": 39.0,
                "type": "minecraft:uniform"
              },
              "treasure": true
            }
          ],
          "name": "thermal:fluid_cell"
        },
        {
          "type": "minecraft:item",
          "weight": 3,
          "functions": [
            {
              "function": "minecraft:enchant_with_levels",
              "levels": {
                "min": 20.0,
                "max": 39.0,
                "type": "minecraft:uniform"
              },
              "treasure": true
            }
          ],
          "name": "advancedrocketry:spacehelmet"
        },
        {
          "type": "minecraft:item",
          "weight": 3,
          "functions": [
            {
              "function": "minecraft:enchant_with_levels",
              "levels": {
                "min": 20.0,
                "max": 39.0,
                "type": "minecraft:uniform"
              },
              "treasure": true
            }
          ],
          "name": "farmersdelight:netherite_knife"
        },
        {
          "type": "minecraft:item",
          "weight": 3,
          "functions": [
            {
              "function": "minecraft:enchant_with_levels",
              "levels": {
                "min": 20.0,
                "max": 39.0,
                "type": "minecraft:uniform"
              },
              "treasure": true
            }
          ],
          "name": "aquaculture:diamond_fishing_rod"
        },
        {
          "type": "minecraft:item",
          "weight": 3,
          "functions": [
            {
              "function": "minecraft:enchant_with_levels",
              "levels": {
                "min": 20.0,
                "max": 39.0,
                "type": "minecraft:uniform"
              },
              "treasure": true
            }
          ],
          "name": "constructionwand:diamond_wand"
        },
        {
          "type": "minecraft:item",
          "weight": 3,
          "functions": [
            {
              "function": "minecraft:enchant_with_levels",
              "levels": {
                "min": 20.0,
                "max": 39.0,
                "type": "minecraft:uniform"
              },
              "treasure": true
            }
          ],
          "name": "exchangers:signalum_exchanger"
        },
        {
          "type": "minecraft:item",
          "weight": 3,
          "functions": [
            {
              "function": "minecraft:enchant_with_levels",
              "levels": {
                "min": 20.0,
                "max": 39.0,
                "type": "minecraft:uniform"
              },
              "treasure": true
            }
          ],
          "name": "xkdeco:steel_pickaxe"
        },
        {
          "type": "minecraft:item",
          "weight": 3,
          "functions": [
            {
              "function": "minecraft:enchant_with_levels",
              "levels": {
                "min": 20.0,
                "max": 39.0,
                "type": "minecraft:uniform"
              },
              "treasure": true
            }
          ],
          "name": "xkdeco:steel_shovel"
        },
        {
          "type": "minecraft:item",
          "weight": 3,
          "functions": [
            {
              "function": "minecraft:enchant_with_levels",
              "levels": {
                "min": 20.0,
                "max": 39.0,
                "type": "minecraft:uniform"
              },
              "treasure": true
            }
          ],
          "name": "xkdeco:steel_axe"
        },
        {
          "type": "minecraft:item",
          "weight": 3,
          "functions": [
            {
              "function": "minecraft:enchant_with_levels",
              "levels": {
                "min": 20.0,
                "max": 39.0,
                "type": "minecraft:uniform"
              },
              "treasure": true
            }
          ],
          "name": "xkdeco:steel_sword"
        },
        {
          "type": "minecraft:item",
          "weight": 3,
          "functions": [
            {
              "function": "minecraft:enchant_with_levels",
              "levels": {
                "min": 20.0,
                "max": 39.0,
                "type": "minecraft:uniform"
              },
              "treasure": true
            }
          ],
          "name": "create:super_glue"
        }
      ]
    }
  ]
}