[
  {
    "user": {
      "type": "player",
      "name": "simibubi",
      "uniqueId": "407d3db5-79e2-4806-ab96-1ae8571c8d87"
    },
    "time": 1637857611921,
    "type": "Profiler",
    "data": {
      "type": "url",
      "value": "https://spark.lucko.me/yQnhh1wO0u"
    }
  },
  {
    "user": {
      "type": "player",
      "name": "simibubi",
      "uniqueId": "407d3db5-79e2-4806-ab96-1ae8571c8d87"
    },
    "time": 1635975779690,
    "type": "Profiler",
    "data": {
      "type": "url",
      "value": "https://spark.lucko.me/22n0mp154t"
    }
  },
  {
    "user": {
      "type": "player",
      "name": "simibubi",
      "uniqueId": "407d3db5-79e2-4806-ab96-1ae8571c8d87"
    },
    "time": 1635967104956,
    "type": "Profiler",
    "data": {
      "type": "url",
      "value": "https://spark.lucko.me/lf07Q9tSEI"
    }
  }
]