{
	"credit": "Made with Blockbench",
	"parent": "block/block",
	"textures": {
		"1": "advancedrocketry:blocks/fueltank",
		"2": "advancedrocketry:blocks/fueltank_top",
		"3": "advancedrocketry:blocks/tank_inner",
		"particle": "advancedrocketry:blocks/fueltank_top"
	},
	"elements": [
		{
			"from": [0, 0, 0],
			"to": [16, 16, 16],
			"rotation": {"angle": 0, "axis": "y", "origin": [-8, 8, -8]},
			"faces": {
				"north": {"uv": [0, 0, 16, 16], "texture": "#1"},
				"east": {"uv": [0, 0, 16, 16], "texture": "#1"},
				"south": {"uv": [0, 0, 16, 16], "texture": "#1"},
				"west": {"uv": [0, 0, 16, 16], "texture": "#1"},
				"up": {"uv": [0, 0, 16, 16], "texture": "#2"},
				"down": {"uv": [0, 0, 16, 16], "texture": "#2"}
			}
		},
		{
			"from": [0.05, 0, 0.05],
			"to": [15.95, 16, 15.95],
			"rotation": {"angle": 0, "axis": "y", "origin": [-8, 8, -8]},
			"faces": {
				"north": {"uv": [0, 0, 16, 16], "texture": "#3"},
				"east": {"uv": [0, 0, 16, 16], "texture": "#3"},
				"south": {"uv": [0, 0, 16, 16], "texture": "#3"},
				"west": {"uv": [0, 0, 16, 16], "texture": "#3"}
			}
		}
	]
}