{
  "name": "pack:ruins/any",
  "fallback": "minecraft:empty",
  "elements": [
    {
      "weight": 1,
      "element": {
        "location": "pack:ruins/gabbro/crossing",
        "processors": "minecraft:empty",
        "projection": "terrain_matching",
        "element_type": "minecraft:single_pool_element"
      }
    },
    {
      "weight": 1,
      "element": {
        "location": "pack:ruins/gabbro/straight",
        "processors": "minecraft:empty",
        "projection": "terrain_matching",
        "element_type": "minecraft:single_pool_element"
      }
    },
    {
      "weight": 1,
      "element": {
        "location": "pack:ruins/gabbro/turn",
        "processors": "minecraft:empty",
        "projection": "terrain_matching",
        "element_type": "minecraft:single_pool_element"
      }
    }
  ]
}