{
	"credit": "Made with Blockbench",
	"parent": "kubejs:block/machine",
	"textures": {
		"0": "create:block/axis",
		"3": "create:block/axis_top",
		"4": "create:block/andesite_casing_short",
		"5": "create:block/andesite_funnel_plating",
		"6": "create:block/andesite_casing",
		"7": "create:block/andesite_casing_very_short",
		"1_2": "create:block/cogwheel",
		"particle": "create:block/andesite_casing",
		"mechanical_press_pole": "create:block/mechanical_press_pole"
	},
	"elements": [
		{
			"from": [0, 0, 4],
			"to": [16, 16, 16],
			"faces": {
				"north": {"uv": [8, 1, 16, 9], "texture": "#5"},
				"east": {"uv": [0, 4, 16, 16], "rotation": 270, "texture": "#4"},
				"south": {"uv": [0, 0, 16, 16], "texture": "#6"},
				"west": {"uv": [0, 4, 16, 16], "rotation": 270, "texture": "#4"},
				"up": {"uv": [8, 1, 16, 7], "texture": "#5"},
				"down": {"uv": [0, 4, 16, 16], "texture": "#4"}
			}
		},
		{
			"from": [3, 14, 3],
			"to": [13, 18, 17],
			"faces": {
				"north": {"uv": [12, 6, 16, 16], "rotation": 90, "texture": "#7"},
				"east": {"uv": [0, 0, 14, 4], "texture": "#4"},
				"south": {"uv": [0, 0, 10, 4], "texture": "#4"},
				"west": {"uv": [0, 0, 14, 4], "texture": "#4"},
				"up": {"uv": [2, 6, 16, 16], "rotation": 90, "texture": "#7"},
				"down": {"uv": [0, 4, 16, 16], "texture": "#4"}
			}
		},
		{
			"name": "Axis",
			"from": [6, 6, -2],
			"to": [10, 10, 14],
			"shade": false,
			"rotation": {"angle": 0, "axis": "y", "origin": [0, 0, 10]},
			"faces": {
				"north": {"uv": [6, 6, 10, 10], "rotation": 180, "texture": "#3"},
				"east": {"uv": [6, 0, 10, 16], "rotation": 90, "texture": "#0"},
				"south": {"uv": [6, 6, 10, 10], "texture": "#3"},
				"west": {"uv": [6, 0, 10, 16], "rotation": 270, "texture": "#0"},
				"up": {"uv": [6, 0, 10, 16], "texture": "#0"},
				"down": {"uv": [6, 0, 10, 16], "rotation": 180, "texture": "#0"}
			}
		},
		{
			"name": "Gear",
			"from": [-1, 6.5, 0.5],
			"to": [17, 9.5, 3.5],
			"rotation": {"angle": 0, "axis": "y", "origin": [0, 0, 10]},
			"faces": {
				"north": {"uv": [7, 6, 16, 7.5], "rotation": 180, "texture": "#1_2"},
				"east": {"uv": [5.5, 7.5, 7, 9], "rotation": 90, "texture": "#1_2"},
				"south": {"uv": [7, 6, 16, 7.5], "texture": "#1_2"},
				"west": {"uv": [5.5, 7.5, 7, 9], "rotation": 270, "texture": "#1_2"},
				"up": {"uv": [7, 7.5, 16, 9], "texture": "#1_2"},
				"down": {"uv": [7, 7.5, 16, 9], "rotation": 180, "texture": "#1_2"}
			}
		},
		{
			"name": "Gear2",
			"from": [-1, 6.5, 0.5],
			"to": [17, 9.5, 3.5],
			"rotation": {"angle": -45, "axis": "z", "origin": [8, 8, 2]},
			"faces": {
				"north": {"uv": [7, 6, 16, 7.5], "rotation": 180, "texture": "#1_2"},
				"east": {"uv": [5.5, 7.5, 7, 9], "rotation": 90, "texture": "#1_2"},
				"south": {"uv": [7, 6, 16, 7.5], "texture": "#1_2"},
				"west": {"uv": [5.5, 7.5, 7, 9], "rotation": 270, "texture": "#1_2"},
				"up": {"uv": [7, 7.5, 16, 9], "texture": "#1_2"},
				"down": {"uv": [7, 7.5, 16, 9], "rotation": 180, "texture": "#1_2"}
			}
		},
		{
			"name": "Gear3",
			"from": [-1, 6.5, 0.5],
			"to": [17, 9.5, 3.5],
			"rotation": {"angle": 45, "axis": "z", "origin": [8, 8, 2]},
			"faces": {
				"north": {"uv": [7, 6, 16, 7.5], "rotation": 180, "texture": "#1_2"},
				"east": {"uv": [5.5, 7.5, 7, 9], "rotation": 90, "texture": "#1_2"},
				"south": {"uv": [7, 6, 16, 7.5], "texture": "#1_2"},
				"west": {"uv": [5.5, 7.5, 7, 9], "rotation": 270, "texture": "#1_2"},
				"up": {"uv": [7, 7.5, 16, 9], "texture": "#1_2"},
				"down": {"uv": [7, 7.5, 16, 9], "rotation": 180, "texture": "#1_2"}
			}
		},
		{
			"name": "Gear4",
			"from": [6.5, -1, 0.5],
			"to": [9.5, 17, 3.5],
			"rotation": {"angle": 0, "axis": "y", "origin": [0, 0, 10]},
			"faces": {
				"north": {"uv": [7, 6, 16, 7.5], "rotation": 270, "texture": "#1_2"},
				"east": {"uv": [7, 7.5, 16, 9], "rotation": 90, "texture": "#1_2"},
				"south": {"uv": [7, 6, 16, 7.5], "rotation": 90, "texture": "#1_2"},
				"west": {"uv": [7, 7.5, 16, 9], "rotation": 270, "texture": "#1_2"},
				"up": {"uv": [5.5, 7.5, 7, 9], "texture": "#1_2"},
				"down": {"uv": [5.5, 7.5, 7, 9], "rotation": 180, "texture": "#1_2"}
			}
		},
		{
			"name": "GearCaseInner",
			"from": [2, 2, 1],
			"to": [14, 14, 3],
			"rotation": {"angle": 0, "axis": "y", "origin": [0, 0, 10]},
			"faces": {
				"north": {"uv": [4, 0, 10, 6], "rotation": 180, "texture": "#1_2"},
				"east": {"uv": [0, 6, 6, 7], "rotation": 90, "texture": "#1_2"},
				"south": {"uv": [4, 0, 10, 6], "texture": "#1_2"},
				"west": {"uv": [0, 6, 6, 7], "rotation": 270, "texture": "#1_2"},
				"up": {"uv": [0, 6, 6, 7], "texture": "#1_2"},
				"down": {"uv": [0, 6, 6, 7], "rotation": 180, "texture": "#1_2"}
			}
		},
		{
			"name": "GearCaseOuter",
			"from": [4, 4, 0],
			"to": [12, 12, 4],
			"rotation": {"angle": 0, "axis": "y", "origin": [0, 0, 10]},
			"faces": {
				"north": {"uv": [0, 0, 4, 4], "rotation": 180, "texture": "#1_2"},
				"east": {"uv": [0, 4, 4, 6], "rotation": 90, "texture": "#1_2"},
				"south": {"uv": [0, 0, 4, 4], "texture": "#1_2"},
				"west": {"uv": [0, 4, 4, 6], "rotation": 270, "texture": "#1_2"},
				"up": {"uv": [0, 4, 4, 6], "texture": "#1_2"},
				"down": {"uv": [0, 4, 4, 6], "rotation": 180, "texture": "#1_2"}
			}
		},
		{
			"name": "Pole2Core",
			"from": [-4.75, 9, 10.25],
			"to": [10.75, 13, 14.25],
			"rotation": {"angle": 0, "axis": "z", "origin": [8, 8, 10]},
			"faces": {
				"north": {"uv": [1, 0, 5, 16], "rotation": 90, "texture": "#mechanical_press_pole"},
				"east": {"uv": [11, 6, 15, 10], "rotation": 270, "texture": "#mechanical_press_pole"},
				"south": {"uv": [1, 0, 5, 16], "rotation": 90, "texture": "#mechanical_press_pole"},
				"west": {"uv": [11, 6, 15, 10], "rotation": 270, "texture": "#mechanical_press_pole"},
				"up": {"uv": [1, 0, 5, 16], "rotation": 90, "texture": "#mechanical_press_pole"},
				"down": {"uv": [1, 0, 5, 16], "rotation": 90, "texture": "#mechanical_press_pole"}
			}
		},
		{
			"name": "Pole2Core",
			"from": [-2.75, 3, 10.25],
			"to": [12.75, 7, 14.25],
			"rotation": {"angle": 0, "axis": "z", "origin": [8, 8, 10]},
			"faces": {
				"north": {"uv": [1, 0, 5, 16], "rotation": 90, "texture": "#mechanical_press_pole"},
				"east": {"uv": [11, 6, 15, 10], "rotation": 270, "texture": "#mechanical_press_pole"},
				"south": {"uv": [1, 0, 5, 16], "rotation": 90, "texture": "#mechanical_press_pole"},
				"west": {"uv": [11, 6, 15, 10], "rotation": 270, "texture": "#mechanical_press_pole"},
				"up": {"uv": [1, 0, 5, 16], "rotation": 90, "texture": "#mechanical_press_pole"},
				"down": {"uv": [1, 0, 5, 16], "rotation": 90, "texture": "#mechanical_press_pole"}
			}
		}
	],
	"display": {
		"gui": {
			"rotation": [30, 135, 0],
			"translation": [-0.5, -0.75, 0],
			"scale": [0.625, 0.625, 0.625]
		}
	}
}